{
    "test_loss": 0.7235352396965027,
    "test_accuracy": 0.35714285714285715,
    "training_time": 4.698425769805908
}