{
    "test_loss": 0.9255980849266052,
    "test_accuracy": 0.5,
    "training_time": 43.41529393196106
}