{
    "test_loss": 0.8135750889778137,
    "test_accuracy": 0.6428571428571429,
    "training_time": 10.365459680557251
}